month,total,population
2/1/17,149,910946
3/1/17,195,910946
4/1/17,202,910946
5/1/17,223,910946
6/1/17,278,910946
7/1/17,257,910946
8/1/17,282,910946
9/1/17,212,910946
10/1/17,216,910946
11/1/17,239,910946
12/1/17,260,910946
1/1/18,226,911372
2/1/18,207,911372
3/1/18,233,911372
4/1/18,190,911372
5/1/18,235,911372
6/1/18,178,911372
7/1/18,214,911372
8/1/18,191,911372
9/1/18,194,911372
10/1/18,221,911372
11/1/18,181,911372
12/1/18,210,911372
1/1/19,200,911562
2/1/19,167,911562
3/1/19,183,911562
4/1/19,162,911562
5/1/19,208,911562
6/1/19,187,911562
7/1/19,193,911562
8/1/19,177,911562
9/1/19,224,911562
10/1/19,186,911562
11/1/19,177,911562
12/1/19,234,911562
1/1/20,239,967201
2/1/20,185,967201
3/1/20,170,967201
4/1/20,164,967201
5/1/20,182,967201
6/1/20,208,967201
7/1/20,211,967201
8/1/20,195,967201
9/1/20,154,967201
10/1/20,218,967201
11/1/20,200,967201
12/1/20,195,967201
1/1/21,188,956631
2/1/21,159,956631
3/1/21,189,956631
4/1/21,224,956631
5/1/21,256,956631
6/1/21,231,956631
7/1/21,190,956631
8/1/21,241,956631
9/1/21,249,956631
10/1/21,226,956631
11/1/21,138,956631
12/1/21,210,956631
1/1/22,221,952326
2/1/22,164,952326
3/1/22,224,952326
4/1/22,187,952326
5/1/22,251,952326
6/1/22,230,952326
7/1/22,209,952326
8/1/22,300,952326
9/1/22,275,952326
10/1/22,375,952326
11/1/22,348,952326
12/1/22,503,952326
1/1/23,644,954813
2/1/23,685,954813
3/1/23,592,954813
4/1/23,543,954813
5/1/23,561,954813
6/1/23,511,954813
7/1/23,673,954813
8/1/23,596,954813
9/1/23,469,954813
10/1/23,525,954813
11/1/23,531,954813
12/1/23,551,954813
1/1/24,429,964596
2/1/24,451,964596
3/1/24,358,964596
4/1/24,317,964596
5/1/24,442,964596
6/1/24,490,964596
7/1/24,479,964596
8/1/24,457,964596
9/1/24,462,964596
10/1/24,506,964596
11/1/24,453,964596
12/1/24,433,964596
1/1/25,338,970374
2/1/25,248,970374