student,student_num,first_year,sophomore,junior,senior,grad_student
Rogalski,1,0,10,20,7,1
Jackson,2,2,8,22,4,2
Sanders,3,0,2,24,12,0
Levine,4,3,5,10,20,0
Adesanu,5,0,2,16,20,0
Apuya,6,0,8,20,9,1
Augi,7,0,4,27,9,1
Babafemi,8,0,13,17,8,0
Bender,9,0,6,22,9,1
Bengtson,10,1,12,22,3,0
Cherry,11,0,4,23,9,2
Chung-A-Fung,12,0,14,12,9,3
Donaldson,13,0,9,18,8,3
Fisher,14,5,7,15,6,5
Ford,15,1,9,14,12,2
Glaros,16,0,4,20,13,1
Green,17,0,8,20,9,1
Heiderman,18,0,1,12,21,4
Hromalik,19,0,8,28,1,1
Huss,20,0,2,28,8,1
Ivarsdottir,21,0,10,20,6,2
Kelly,22,0,13,17,6,2
Lee,23,0,6,19,9,4
Lim,24,0,4,30,4,0
Macchi,25,0,0,28,10,0
Masaitis,26,0,6,24,5,3
McDonough,27,0,2,29,7,0
Mullin,28,0,10,19,9,0
Mussafi,29,0,4,17,16,1
Nguyen,30,0,11,15,12,0
Onal,31,0,10,20,8,0
Polinsky,32,0,2,23,10,3
Renkey,33,3,6,15,12,2
Roth,34,0,7,20,10,1
Sturgill,35,0,2,22,13,1
Trendell,36,0,4,22,9,3
Twyman,37,0,4,20,14,0
Winters,38,2,11,12,10,3